{
    "latent_dimension": 20,
    "hidden_layers": 2,
    "correction_updates": 20,
    "alpha": 0.5,
    "non_linearity": "leaky_relu",
    "batch_size": 500,
    "name": "physics_gcn",
    "directory": "results/20260220_035240",
    "current_train_iter": 79999,
    "d_in_A": 1,
    "d_in_B": 4,
    "d_out": 1,
    "initial_U": [
        399.0
    ],
    "A_mean": [
        0.0,
        0.0,
        0.08255445212125778
    ],
    "A_std": [
        1.0,
        1.0,
        0.1758037507534027
    ],
    "B_mean": [
        0.0,
        0.005844823084771633,
        0.0,
        15.621949195861816
    ],
    "B_std": [
        1.0,
        0.004587796051055193,
        1.0,
        77.32483673095703
    ],
    "proxy": false
}