{
    "validation": {
        "mse": 3.3810936857059165e-05,
        "rmse": 0.005814717263724795,
        "mae": 0.004737161422280912,
        "correlation": 0.999978050378195,
        "physics_loss": 1.2930004231748171e-05
    },
    "test": {
        "mse": 3.37619038270391e-05,
        "rmse": 0.005810499447297031,
        "mae": 0.004733179743471227,
        "correlation": 0.9999780457770789,
        "physics_loss": 1.2922577298013493e-05
    },
    "training_duration_hours": 4.618135110669666,
    "learning_mode": "unsupervised"
}