{
    "validation": {
        "mse": 1.7946463258221731e-06,
        "rmse": 0.0013396441041643012,
        "mae": 0.0010986449848952526,
        "correlation": 0.9999972279346805,
        "physics_loss": 7.7889344538562e-05
    },
    "test": {
        "mse": 1.7943081942092176e-06,
        "rmse": 0.0013395178961884823,
        "mae": 0.0010986539709780159,
        "correlation": 0.9999972262544673,
        "physics_loss": 7.784516492392868e-05
    },
    "training_duration_hours": 3.8753737207253773,
    "learning_mode": "supervised"
}